position,original,variant,description
"{'value': 90, 'modifier': 'EXACT'}",,"{'originalSequence': 'V', 'alternativeSequences': ['I']}",in FFEVF1; does not inhibit DEPDC5 signaling; does not change kinase activity of mTORC1; does not change association with the GATOR complex; inhibits slightly RRAGA/RRAGC and RRAGB/RRAGC heterodimer formation; dbSNP:rs768456731
"{'value': 214, 'modifier': 'EXACT'}",,"{'originalSequence': 'H', 'alternativeSequences': ['D']}",in FFEVF1; uncertain significance; dbSNP:rs886039276
"{'value': 272, 'modifier': 'EXACT'}",,"{'originalSequence': 'V', 'alternativeSequences': ['L']}",in FFEVF1; does not inhibit DEPDC5 signaling; does not change kinase activity of mTORC1; does not change association with the GATOR complex; does not change RRAGA/RRAGC and RRAGB/RRAGC heterodimer formation; dbSNP:rs187334123
"{'value': 337, 'modifier': 'EXACT'}",,"{'originalSequence': 'T', 'alternativeSequences': ['R']}",in DEE111; likely pathogenic
"{'value': 452, 'modifier': 'EXACT'}",,"{'originalSequence': 'A', 'alternativeSequences': ['V']}",in FFEVF1; inhibits slightly DEPDC5 signaling; stimulates slightly kinase activity of mTORC1; does not change association with the GATOR complex; does not change RRAGA/RRAGC and RRAGB/RRAGC heterodimer formation; dbSNP:rs202226316
"{'value': 485, 'modifier': 'EXACT'}",,"{'originalSequence': 'R', 'alternativeSequences': ['Q']}",in FFEVF1; does not inhibit DEPDC5 signaling; stimulates slightly kinase activity of mTORC1; does not change association with the GATOR complex; does not change RRAGA/RRAGC and RRAGB/RRAGC heterodimer formation; dbSNP:rs886039278
"{'value': 491, 'modifier': 'EXACT'}",,"{'originalSequence': 'S', 'alternativeSequences': ['T']}",in dbSNP:rs8138516
"{'value': 542, 'modifier': 'EXACT'}",,"{'originalSequence': 'Q', 'alternativeSequences': ['P']}",in FFEVF1; uncertain significance; dbSNP:rs886039279
"{'value': 641, 'modifier': 'EXACT'}",,"{'originalSequence': 'A', 'alternativeSequences': ['V']}",in dbSNP:rs16989528
"{'value': 712, 'modifier': 'EXACT'}",,"{'originalSequence': 'S', 'alternativeSequences': ['F']}",in dbSNP:rs16989535
"{'value': 806, 'modifier': 'EXACT'}",,"{'originalSequence': 'R', 'alternativeSequences': ['C']}",in DEE111; likely pathogenic
"{'value': 864, 'modifier': 'EXACT'}",,"{'originalSequence': 'T', 'alternativeSequences': ['M']}",in FFEVF1; inhibits slightly DEPDC5 signaling; does not change kinase activity of mTORC1; does not change association with the GATOR complex; does not change RRAGA/RRAGC and RRAGB/RRAGC heterodimer formation; dbSNP:rs564667614
"{'value': 1065, 'modifier': 'EXACT'}",,"{'originalSequence': 'K', 'alternativeSequences': ['R']}",in FFEVF1; uncertain significance; dbSNP:rs757609394
"{'value': 1073, 'modifier': 'EXACT'}",,"{'originalSequence': 'S', 'alternativeSequences': ['R']}",in FFEVF1; inhibits slightly DEPDC5 signaling; does not change kinase activity of mTORC1; does not change association with the GATOR complex; does not change RRAGA/RRAGC and RRAGB/RRAGC heterodimer formation; dbSNP:rs754608531
"{'value': 1081, 'modifier': 'EXACT'}",,"{'originalSequence': 'T', 'alternativeSequences': ['P']}",in FFEVF1; uncertain significance; dbSNP:rs142540948
"{'value': 1104, 'modifier': 'EXACT'}",,"{'originalSequence': 'S', 'alternativeSequences': ['L']}",in FFEVF1; uncertain significance; dbSNP:rs79027628
"{'value': 1154, 'modifier': 'EXACT'}",,"{'originalSequence': 'S', 'alternativeSequences': ['F']}",in FFEVF1; uncertain significance; dbSNP:rs578244490
"{'value': 1162, 'modifier': 'EXACT'}",,"{'originalSequence': 'S', 'alternativeSequences': ['G']}",in FFEVF1; does not inhibit DEPDC5 signaling; does not change kinase activity of mTORC1; does not change association with the GATOR complex; does not change RRAGA/RRAGC and RRAGB/RRAGC heterodimer formation; dbSNP:rs886039280
"{'value': 1268, 'modifier': 'EXACT'}",,"{'originalSequence': 'R', 'alternativeSequences': ['Q']}",in FFEVF1; uncertain significance; dbSNP:rs886039281
